{
    "nanana": {
        "acceleration_max": [
            [
                0.0,
                0.0,
                0.0
            ]
        ],
        "acceleration_min": [
            [
                0.0,
                0.0,
                0.0
            ]
        ],
        "changeColor": [
            16777472
        ],
        "changeSize": [
            65536
        ],
        "color_max": [
            [
                1.0,
                1.0,
                1.0,
                1.0
            ]
        ],
        "color_min": [
            [
                1.0,
                1.0,
                1.0,
                1.0
            ]
        ],
        "countPerEmit": [
            10
        ],
        "delayTime": [
            0.0
        ],
        "direction": [
            1
        ],
        "direction_max": [
            [
                0.0,
                0.0,
                0.0
            ]
        ],
        "direction_min": [
            [
                0.0,
                0.0,
                0.0
            ]
        ],
        "emitPerSec": [
            1
        ],
        "emitRepeatCount": [
            1
        ],
        "fadeAlpha": [
            16777217
        ],
        "fadeStartRatio": [
            0.0
        ],
        "lifeTime_max": [
            1.0299999713897705
        ],
        "lifeTime_min": [
            1.0299999713897705
        ],
        "loop": [
            256
        ],
        "maxParticles": [
            0
        ],
        "modelPath": [
            ""
        ],
        "offset": [
            [
                0.0,
                0.0,
                0.0
            ]
        ],
        "position": [
            [
                1.4600000381469727,
                2.2300000190734863,
                0.0
            ]
        ],
        "radius": [
            0.28999999165534973
        ],
        "rotate": [
            [
                0.0,
                0.0,
                0.0
            ]
        ],
        "rotate_max": [
            [
                0.0,
                0.0,
                0.0
            ]
        ],
        "rotate_min": [
            [
                0.0,
                0.0,
                0.0
            ]
        ],
        "shape": [
            1
        ],
        "size": [
            [
                1.0,
                1.0,
                1.0
            ]
        ],
        "size_max": [
            [
                1.0,
                0.09000000357627869,
                1.0
            ]
        ],
        "size_min": [
            [
                1.0,
                0.09000000357627869,
                1.0
            ]
        ],
        "spped_max": [
            1.4299999475479126
        ],
        "spped_min": [
            1.4299999475479126
        ],
        "texturePath": [
            ""
        ],
        "useBillboard": [
            256
        ]
    }
}