{
    "impactWave": {
        "acceleration_max": [
            [
                0.0,
                0.0,
                0.0
            ]
        ],
        "acceleration_min": [
            [
                0.0,
                0.0,
                0.0
            ]
        ],
        "changeColor": [
            65536
        ],
        "changeSize": [
            16777217
        ],
        "color_max": [
            [
                0.19117647409439087,
                1.0,
                0.9048442244529724,
                1.0
            ]
        ],
        "color_min": [
            [
                0.19117647409439087,
                1.0,
                0.9048442244529724,
                1.0
            ]
        ],
        "countPerEmit": [
            1
        ],
        "delayTime": [
            0.0
        ],
        "direction": [
            2
        ],
        "direction_max": [
            [
                0.0,
                0.0,
                0.0
            ]
        ],
        "direction_min": [
            [
                0.0,
                0.0,
                0.0
            ]
        ],
        "emitPerSec": [
            1
        ],
        "emitRepeatCount": [
            1
        ],
        "fadeAlpha": [
            257
        ],
        "fadeStartRatio": [
            0.0
        ],
        "lifeTime_max": [
            0.699999988079071
        ],
        "lifeTime_min": [
            0.699999988079071
        ],
        "loop": [
            65792
        ],
        "maxParticles": [
            0
        ],
        "modelPath": [
            ""
        ],
        "offset": [
            [
                0.0,
                0.0,
                0.0
            ]
        ],
        "position": [
            [
                0.0,
                2.0,
                0.0
            ]
        ],
        "radius": [
            0.019999999552965164
        ],
        "rotate": [
            [
                0.0,
                0.0,
                0.0
            ]
        ],
        "rotate_max": [
            [
                0.0,
                0.0,
                0.0
            ]
        ],
        "rotate_min": [
            [
                0.0,
                0.0,
                0.0
            ]
        ],
        "shape": [
            1
        ],
        "size": [
            [
                1.0,
                1.0,
                1.0
            ]
        ],
        "size_max": [
            [
                1.0,
                1.0,
                1.0
            ]
        ],
        "size_min": [
            [
                0.0,
                0.0,
                0.0
            ]
        ],
        "spped_max": [
            0.0
        ],
        "spped_min": [
            0.0
        ],
        "texturePath": [
            "particle/donuts.png"
        ],
        "useBillboard": [
            1
        ]
    }
}