{
    "bunny": {
        "boundingBox": 2,
        "isStatic": false,
        "layer": 0,
        "layerMask": 0,
        "max": {
            "x": 1.399999976158142,
            "y": 1.2699999809265137,
            "z": 0.6100000143051147
        },
        "min": {
            "x": -1.0299999713897705,
            "y": -0.23999999463558197,
            "z": -1.7599999904632568
        },
        "quaternion": {
            "w": 1.0,
            "x": 0.0,
            "y": 0.0,
            "z": 0.0
        },
        "scale": {
            "x": 1.0,
            "y": 1.0,
            "z": 1.0
        },
        "transform": {
            "x": -5.78000020980835,
            "y": 0.2800000011920929,
            "z": 0.0
        }
    }
}