{
    "cube2": {
        "boundingBox": 4,
        "direction": {
            "x": -0.6799167990684509,
            "y": 0.7257050275802612,
            "z": -0.10519224405288696
        },
        "height": 5.0,
        "isStatic": false,
        "layer": 2,
        "layerMask": 0,
        "localPivot": {
            "x": 0.0,
            "y": 0.0,
            "z": 0.0
        },
        "quaternion": {
            "w": 1.0,
            "x": 0.0,
            "y": 0.0,
            "z": 0.0
        },
        "radius": 1.0,
        "scale": {
            "x": 1.0,
            "y": 1.0,
            "z": 1.0
        },
        "transform": {
            "x": 0.0,
            "y": 0.0,
            "z": 0.0
        }
    }
}